{"cameraMode":{"drawMode":0,"name":"Shaded","section":"Shading Mode"},"sceneLighting":false,"audioPlay":false,"sceneViewState":{"showFog":true,"showMaterialUpdate":false,"showSkybox":true,"showFlares":true,"showImageEffects":true,"showParticleSystems":true},"in2DMode":false,"pivot":{"x":-0.10916343331336975,"y":0.8305118083953857,"z":0.24848325550556184},"rotation":{"x":-0.06232251226902008,"y":0.5984190106391907,"z":-0.04677148535847664,"w":-0.7973850965499878},"size":4.518558502197266,"orthographic":true}