{"cameraMode":{"drawMode":0,"name":"Shaded","section":"Shading Mode"},"sceneLighting":false,"audioPlay":false,"sceneViewState":{"showFog":true,"showMaterialUpdate":false,"showSkybox":true,"showFlares":true,"showImageEffects":true,"showParticleSystems":true},"in2DMode":false,"pivot":{"x":-10.204133033752442,"y":0.1952347755432129,"z":3.8696603775024416},"rotation":{"x":-0.049581460654735568,"y":0.5614050030708313,"z":-0.033724673092365268,"w":-0.8253659009933472},"size":3.8640224933624269,"orthographic":true}