{"cameraMode":{"drawMode":0,"name":"Shaded","section":"Shading Mode"},"sceneLighting":false,"audioPlay":false,"sceneViewState":{"showFog":true,"showMaterialUpdate":false,"showSkybox":true,"showFlares":true,"showImageEffects":true,"showParticleSystems":true},"in2DMode":false,"pivot":{"x":0.42256808280944826,"y":0.6326103210449219,"z":1.6084637641906739},"rotation":{"x":0.07170379906892777,"y":-0.8763632774353027,"z":0.13783234357833863,"w":0.45590388774871828},"size":20.005186080932618,"orthographic":true}