{"cameraMode":{"drawMode":0,"name":"Shaded","section":"Shading Mode"},"sceneLighting":false,"audioPlay":false,"sceneViewState":{"showFog":true,"showMaterialUpdate":false,"showSkybox":true,"showFlares":true,"showImageEffects":true,"showParticleSystems":true},"in2DMode":false,"pivot":{"x":5.881275177001953,"y":4.226250648498535,"z":1.1630859375},"rotation":{"x":0.011071055196225644,"y":0.9289833307266235,"z":-0.027877463027834894,"w":0.36890435218811037},"size":4.428448677062988,"orthographic":true}